{
    "loss": 283.9301452636719,
    "accuracy": 0.805084764957428
}