{
    "loss": 101.95051574707031,
    "accuracy": 0.7118644118309021
}